{
	"skin-name": "custom",
	"preview-bg": "#ffffff",
	"text": "#333333",
	"text-inverse": "#ffffff",
	"text-disabled": "#aaaaaa",
	"has-gradients": true,
	"has-radius": true,
	"has-boxshadow": false,
	"btn-text": "#3f4245",
	"btn-text-shadow": "rgba(0,0,0,0.1)",
	"btn-bg": "#f2f2f2",
	"btn-bg-hlight": "#d5d6d6",
	"btn-border-top": "rgba(0,0,0,0.1)",
	"btn-border-right": "rgba(0,0,0,0.1)",
	"btn-border-bottom": "rgba(0,0,0,0.1)",
	"btn-border-left": "rgba(0,0,0,0.1)",
	"btn-split-border": "#b2b1c2",
	"btn-primary-text": "#050505",
	"btn-primary-text-shadow": "#fcfcfc",
	"btn-primary-bg": "#ffffff",
	"btn-primary-bg-hlight": "#c4c4c4",
	"menu-bg": "#ffffff",
	"menu-border": "rgba(0,0,0,0.2)",
	"menuitem-text": "#333333",
	"menuitem-bg-selected": "#0088cc",
	"menuitem-bg-selected-hlight": "#0077b3",
	"menuitem-separator-top": "#cbcbcb",
	"menuitem-separator-bottom": "#ffffff",
	"menuitem-text-inverse": "#ffffff",
	"menuitem-bg-active": "#c8def4",
	"menuitem-text-active": "#333333",
	"menuitem-preview-border-active": "#aaaaaa",
	"checkbox-border": "#c5c5c5",
	"checkbox-border-focus": "#59a5e1",
	"panel-border": "#a4bed4",
	"panel-bg": "#eaf3f7",
	"panel-bg-hlight": "rgba(202,226,255,1)",
	"textbox-bg": "#ffffff",
	"textbox-border": "#c5c5c5",
	"textbox-border-focus": "#ffffff",
	"window-bg": "#ffffff",
	"window-border": "#c4c4c4",
	"tab-bg": "#e3e3e3",
	"tab-bg-hover": "#fdfdfd",
	"tab-bg-active": "#fdfdfd",
	"tab-border": "#c5c5c5",
	"colorbtn-backcolor-bg": "#bbbbbb",
	"grid-border": "#d6d6d6",
	"grid-border-active": "#a1a1a1"
}